BusinessId,StreetName,Area,CompensatedDays,TotalCompensation,CostPerArea,AverageDailyCompensation
317,דיזנגוף,8,1,800,100,800
1000236,יוניצ'מן,24,1,2400,100,2400
1001759,רוקח ישראל,526,1,10000,19.01140684,10000
1002009,מבצע קדש,417,89,890000,2134.292566,10000
402,פלורנטין,878,335,3350000,3815.489749,10000
184,אלנבי,17,331,562700,33100,1700
1002134,מבצע קדש,24,89,213600,8900,2400
230,הרצל,38,365,1387000,36500,3800
235,אילת,88,179,1575200,17900,8800
940895,יפת,61,123,750300,12300,6100
187,פרנקל ידידיה,24,335,804000,33500,2400
274,אבן גבירול,539,365,3650000,6771.799629,10000
1000506,אשכול לוי,73,10,73000,1000,7300
1000404,אשכול לוי,156,10,100000,641.025641,10000
129,המסגר,148,25,250000,1689.189189,10000
1001382,אינשטיין,25,1,2500,100,2500
1002208,הדר יוסף,52,1,5200,100,5200
1001145,אינשטיין,4568,1,10000,2.189141856,10000
1001239,אינשטיין,98,1,9800,100,9800
1001761,רוקח ישראל,37993,1,10000,0.2632063801,10000
280,בגין מנחם,121,1,10000,82.6446281,10000
1001788,בני אפרים,65,1,6500,100,6500
212,אבולעפיה,161,31,310000,1925.465839,10000
95,אלנבי,70,331,2317000,33100,7000
435,אילת,54,179,966600,17900,5400
939427,יפת,74,123,910200,12300,7400
943921,הרצל,5,365,182500,36500,500
183,הירקון,124,152,1520000,12258.06452,10000
905851,אבן גבירול,216,365,3650000,16898.14815,10000
18,בגין מנחם,34,1,3400,100,3400
1001310,אינשטיין,105,1,10000,95.23809524,10000
1000574,נאמן יובל פרופסור,43,1,4300,100,4300
171,דיזנגוף,79,1,7900,100,7900
1000462,אינשטיין,47,1,4700,100,4700
1000022,קויפמן יחזקאל,187,1,10000,53.47593583,10000
1000258,יוניצ'מן,64,1,6400,100,6400
1001334,אינשטיין,69,1,6900,100,6900
1001967,בני אפרים,13,1,1300,100,1300
1002184,הדר יוסף,21,1,2100,100,2100
81,דיזנגוף,23,1,2300,100,2300
1000449,נאמן יובל פרופסור,229,1,10000,43.66812227,10000
1001248,אינשטיין,422,1,10000,23.69668246,10000
1001264,אינשטיין,89,1,8900,100,8900
1001694,רוקח ישראל,8303,1,10000,1.204383958,10000
91,בגין מנחם,606,1,10000,16.50165017,10000
93,בן צבי,938,1,10000,10.66098081,10000
1001164,אינשטיין,31,1,3100,100,3100
1001720,רוקח ישראל,6542,1,10000,1.528584531,10000
1001333,אינשטיין,247,1,10000,40.48582996,10000
1002137,בני אפרים,228,1,10000,43.85964912,10000
109,שלונסקי אברהם,167,89,890000,5329.341317,10000
1000472,אשכול לוי,10,10,10000,1000,1000
1000630,אשכול לוי,28,10,28000,1000,2800
232,השרון,144,293,2930000,20347.22222,10000
1000311,2040,2,1,200,100,200
1001271,אינשטיין,119,1,10000,84.03361345,10000
1001730,רוקח ישראל,128343,1,10000,0.07791620891,10000
1000229,2040,9354,1,10000,1.069061364,10000
1001374,אינשטיין,35,1,3500,100,3500
1001181,אינשטיין,7,1,700,100,700
1001764,רוקח ישראל,766,1,10000,13.05483029,10000
1001945,בני אפרים,47,1,4700,100,4700
1002138,בני אפרים,130,1,10000,76.92307692,10000
1000183,ליפקין שחק- שטח הנמל,88,1,8800,100,8800
1001220,אינשטיין,439,1,10000,22.77904328,10000
1001709,רוקח ישראל,10,1,1000,100,1000
432,הארבעה,19,1,1900,100,1900
278,בגין מנחם,79,1,7900,100,7900
1002194,הדר יוסף,22,1,2200,100,2200
48,הכרמל,7,152,106400,15200,700
1000389,אשכול לוי,34,10,34000,1000,3400
46,רוטשילד,68,362,2461600,36200,6800
182,הירקון,10,152,152000,15200,1000
439,אלנבי,195,331,3310000,16974.35897,10000
385,אבן גבירול,29,365,1058500,36500,2900
39,אבן גבירול,63,365,2299500,36500,6300
1000303,2040,2939,1,10000,3.402517863,10000
1001776,בני אפרים,63,1,6300,100,6300
1000242,יוניצ'מן,24,1,2400,100,2400
1000270,רוקח ישראל,5091,1,10000,1.964250638,10000
1001343,אינשטיין,104,1,10000,96.15384615,10000
1001978,בני אפרים,41,1,4100,100,4100
938599,שלבים,527,1,10000,18.97533207,10000
929013,הארבעה,312,1,10000,32.05128205,10000
1001207,אינשטיין,86,1,8600,100,8600
906855,ארלוזורוב,45,75,337500,7500,4500
1000174,התערוכה,278,1,10000,35.97122302,10000
1001195,אינשטיין,31,1,3100,100,3100
1002012,שלונסקי אברהם,1017,89,890000,875.1229105,10000
1000577,אבן גבירול,5042,365,3650000,723.9190797,10000
68,אבן גבירול,150,365,3650000,24333.33333,10000
1000108,לה גוארדיה,839,39,390000,464.8390942,10000
408,אלנבי,28,331,926800,33100,2800
1000255,יוניצ'מן,578,1,10000,17.30103806,10000
1000631,נמיר מרדכי,35624,1,10000,0.280709634,10000
1000560,עמיחי יהודה,30,1,3000,100,3000
115,בגין מנחם,12,1,1200,100,1200
1000040,העליה השניה,269,1,10000,37.17472119,10000
1001255,אינשטיין,336,1,10000,29.76190476,10000
1000312,2040,20,1,2000,100,2000
1001697,רוקח ישראל,405,1,10000,24.69135802,10000
1001744,רוקח ישראל,75,1,7500,100,7500
1001285,אינשטיין,378,1,10000,26.45502646,10000
199,קויפמן יחזקאל,270,1,10000,37.03703704,10000
1000109,התערוכה,205,1,10000,48.7804878,10000
1001206,אינשטיין,199,1,10000,50.25125628,10000
1001887,בני אפרים,421,1,10000,23.75296912,10000
1002139,בני אפרים,331,1,10000,30.21148036,10000
1002202,הדר יוסף,33,1,3300,100,3300
1001241,אינשטיין,318,1,10000,31.44654088,10000
1001283,אינשטיין,396,1,10000,25.25252525,10000
1000256,יוניצ'מן,59,1,5900,100,5900
1001979,בני אפרים,1886,1,10000,5.302226935,10000
305,דיזנגוף,32,1,3200,100,3200
1001303,אינשטיין,12,1,1200,100,1200
1001360,אינשטיין,74,1,7400,100,7400
1001984,בני אפרים,3689,1,10000,2.710761724,10000
89,שלונסקי אברהם,36,89,320400,8900,3600
364,המסגר,1748,25,250000,143.020595,10000
1001953,מבצע קדש,117,89,890000,7606.837607,10000
1000366,אשכול לוי,34,10,34000,1000,3400
337,הכרמל,7,152,106400,15200,700
168,פינסקר,44,137,602800,13700,4400
320,אבן גבירול,34,365,1241000,36500,3400
1002135,מבצע קדש,10499,89,890000,84.76997809,10000
229,השוק,43,365,1569500,36500,4300
1000624,אשכול לוי,10,10,10000,1000,1000
451,הירקון,199,152,1520000,7638.190955,10000
1000569,אבן גבירול,1370,365,3650000,2664.233577,10000
1000091,העליה השניה,335,1,10000,29.85074627,10000
1000456,נאמן יובל פרופסור,106,1,10000,94.33962264,10000
1001201,אינשטיין,39,1,3900,100,3900
1001243,אינשטיין,46,1,4600,100,4600
1001272,אינשטיין,36,1,3600,100,3600
1001757,רוקח ישראל,3016,1,10000,3.315649867,10000
378,המסגר,163,25,250000,1533.742331,10000
1001250,אינשטיין,121,1,10000,82.6446281,10000
1000519,אשכול לוי,287,10,100000,348.4320557,10000
1001394,אינשטיין,19,1,1900,100,1900
1000564,עמיחי יהודה,1192,1,10000,8.389261745,10000
1001202,אינשטיין,45,1,4500,100,4500
1001234,אינשטיין,197,1,10000,50.76142132,10000
1001741,רוקח ישראל,18566,1,10000,0.5386189809,10000
1001980,בני אפרים,88,1,8800,100,8800
1000240,יוניצ'מן,29,1,2900,100,2900
1001400,אינשטיין,44,1,4400,100,4400
208,בגין מנחם,526,1,10000,19.01140684,10000
1001766,רוקח ישראל,4435,1,10000,2.254791432,10000
1002200,הדר יוסף,155,1,10000,64.51612903,10000
191,בגין מנחם,72,1,7200,100,7200
1002195,הדר יוסף,71,1,7100,100,7100
1001251,אינשטיין,12,1,1200,100,1200
1001269,אינשטיין,170,1,10000,58.82352941,10000
1001375,אינשטיין,179,1,10000,55.86592179,10000
1000276,רוקח ישראל,31366,1,10000,0.318816553,10000
71,בן צבי,103,1,10000,97.08737864,10000
1001756,רוקח ישראל,1279,1,10000,7.818608288,10000
107,קויפמן יחזקאל,43,1,4300,100,4300
1001724,רוקח ישראל,96,1,9600,100,9600
1001758,רוקח ישראל,54,1,5400,100,5400
331,אילת,52,179,930800,17900,5200
147,קלישר,10,362,362000,36200,1000
319,בוגרשוב,162,75,750000,4629.62963,10000
1000567,אבן גבירול,1982,365,3650000,1841.574168,10000
1001755,רוקח ישראל,4986,1,10000,2.005615724,10000
49,בגין מנחם,244,1,10000,40.98360656,10000
1000272,רוקח ישראל,5066,1,10000,1.97394394,10000
1000284,רוקח ישראל,16721,1,10000,0.5980503558,10000
1000542,אפטר יעקב,302,1,10000,33.11258278,10000
1002196,הדר יוסף,39,1,3900,100,3900
1001336,אינשטיין,930,1,10000,10.75268817,10000
1000453,נאמן יובל פרופסור,286,1,10000,34.96503497,10000
108,בגין מנחם,182,1,10000,54.94505495,10000
1001347,אינשטיין,136,1,10000,73.52941176,10000
154,בגין מנחם,39,1,3900,100,3900
1001183,אינשטיין,901,1,10000,11.09877913,10000
149,דיזנגוף,58,1,5800,100,5800
1001290,אינשטיין,49,1,4900,100,4900
1001253,אינשטיין,145,1,10000,68.96551724,10000
1001877,בני אפרים,844,1,10000,11.84834123,10000
1002191,הדר יוסף,27,1,2700,100,2700
1000524,אפטר יעקב,34,1,3400,100,3400
1001642,קלוזנר,18280,12,120000,6.564551422,10000
31,אלנבי,60,331,1986000,33100,6000
438,אלנבי,628,331,3310000,5270.700637,10000
443,אבן גבירול,33,365,1204500,36500,3300
1002141,מבצע קדש,3590,89,890000,247.9108635,10000
251,הרצל,257,365,3650000,14202.33463,10000
346,אבן גבירול,1857,365,3650000,1965.53581,10000
1001991,שלונסקי אברהם,6,89,53400,8900,600
1000532,אפטר יעקב,130,1,10000,76.92307692,10000
219,דיזנגוף,16,1,1600,100,1600
905372,נמל תל אביב,33,1,3300,100,3300
1000207,יוניצ'מן,27,1,2700,100,2700
1001960,בני אפרים,10,1,1000,100,1000
1001719,רוקח ישראל,34,1,3400,100,3400
1000190,2040,3372,1,10000,2.965599051,10000
1000474,נאמן יובל פרופסור,43,1,4300,100,4300
1001194,אינשטיין,69,1,6900,100,6900
1001358,אינשטיין,52,1,5200,100,5200
1000526,אפטר יעקב,32,1,3200,100,3200
1002189,הדר יוסף,34,1,3400,100,3400
1001876,בני אפרים,74,1,7400,100,7400
1001346,אינשטיין,123,1,10000,81.30081301,10000
113,המסגר,85,25,212500,2500,8500
1001959,מבצע קדש,37,89,329300,8900,3700
118,אלנבי,140,331,3310000,23642.85714,10000
428,טרומפלדור,50,331,1655000,33100,5000
287,המסגר,218,25,250000,1146.788991,10000
1001987,שלונסקי אברהם,15,89,133500,8900,1500
1001632,קלוזנר,13727,12,120000,8.741895534,10000
1000198,יוניצ'מן,47,1,4700,100,4700
1000271,רוקח ישראל,5,1,500,100,500
1001990,בני אפרים,13754,1,10000,0.7270612186,10000
1001242,אינשטיין,57,1,5700,100,5700
1001258,אינשטיין,176,1,10000,56.81818182,10000
1002188,הדר יוסף,17,1,1700,100,1700
1001186,אינשטיין,586,1,10000,17.06484642,10000
1001362,אינשטיין,24,1,2400,100,2400
299,דיזנגוף,41,1,4100,100,4100
1000573,עמיחי יהודה,286,1,10000,34.96503497,10000
1001307,אינשטיין,59,1,5900,100,5900
397,בגין מנחם,25,1,2500,100,2500
1000001,העליה השניה,105,1,10000,95.23809524,10000
1001707,רוקח ישראל,8009,1,10000,1.24859533,10000
1001765,רוקח ישראל,148,1,10000,67.56756757,10000
12,דיזנגוף,77,1,7700,100,7700
1000208,יוניצ'מן,55,1,5500,100,5500
1000098,2040,103773,1,10000,0.09636417951,10000
1000301,נמיר מרדכי,1099,1,10000,9.099181074,10000
1001397,אינשטיין,124,1,10000,80.64516129,10000
144,בגין מנחם,143,1,10000,69.93006993,10000
1001349,אינשטיין,90,1,9000,100,9000
1002193,הדר יוסף,33,1,3300,100,3300
21,רוטשילד,67,362,2425400,36200,6700
51,המסגר,194,25,250000,1288.659794,10000
285,קפלן אליעזר,496,61,610000,1229.83871,10000
458,אלנבי,87,331,2879700,33100,8700
244,אלנבי,15,331,496500,33100,1500
1001731,רוקח ישראל,543,1,10000,18.41620626,10000
1001762,רוקח ישראל,29,1,2900,100,2900
1002190,הדר יוסף,95,1,9500,100,9500
1001644,קלוזנר,11,12,13200,1200,1100
1000274,רוקח ישראל,3,1,300,100,300
1001763,רוקח ישראל,257,1,10000,38.91050584,10000
1000285,רוקח ישראל,918,1,10000,10.89324619,10000
1001209,אינשטיין,99,1,9900,100,9900
1001352,אינשטיין,99,1,9900,100,9900
1002198,הדר יוסף,124,1,10000,80.64516129,10000
1001172,אינשטיין,24,1,2400,100,2400
1001718,רוקח ישראל,25,1,2500,100,2500
1002206,הדר יוסף,34,1,3400,100,3400
361,בגין מנחם,53,1,5300,100,5300
1001986,בני אפרים,3597,1,10000,2.780094523,10000
1002183,הדר יוסף,52,1,5200,100,5200
1000125,התערוכה,766,1,10000,13.05483029,10000
929919,בגין מנחם,50,1,5000,100,5000
1000215,2040,7,1,700,100,700
1001370,אינשטיין,275,1,10000,36.36363636,10000
1002644,אמירים,42,152,638400,15200,4200
101,אלנבי,165,331,3310000,20060.60606,10000
1001641,קלוזנר,5982,12,120000,20.06018054,10000
1000030,רוסלאן,8,26,20800,2600,800
281,קרליבך,108,61,610000,5648.148148,10000
1001981,שלונסקי אברהם,3525,89,890000,252.4822695,10000
1002001,מבצע קדש,28,89,249200,8900,2800
1000592,אשכול לוי,19,10,19000,1000,1900
1001222,אינשטיין,298,1,10000,33.55704698,10000
1000563,עמיחי יהודה,21,1,2100,100,2100
1000181,ליפקין שחק- שטח הנמל,314,1,10000,31.84713376,10000
1001693,רוקח ישראל,34,1,3400,100,3400
240,קויפמן יחזקאל,595,1,10000,16.80672269,10000
1001266,אינשטיין,608,1,10000,16.44736842,10000
1001169,אינשטיין,5083,1,10000,1.967342121,10000
1001875,בני אפרים,42,1,4200,100,4200
132,דיזנגוף,203,1,10000,49.26108374,10000
931528,בגין מנחם,11,1,1100,100,1100
1000136,העליה השניה,173,1,10000,57.80346821,10000
205,בגין מנחם,181,1,10000,55.24861878,10000
1000468,אינשטיין,525,1,10000,19.04761905,10000
1000147,העליה השניה,606,1,10000,16.50165017,10000
1002203,הדר יוסף,26,1,2600,100,2600
1000094,התערוכה,100,1,10000,100,10000
1001982,שלונסקי אברהם,232,89,890000,3836.206897,10000
1000025,הרצל,4150,365,3650000,879.5180723,10000
1002649,כיסופים,31,152,471200,15200,3100
436,המסגר,126,25,250000,1984.126984,10000
1001174,אינשטיין,98,1,9800,100,9800
1001371,אינשטיין,1027,1,10000,9.737098345,10000
1000037,2040,324494,1,10000,0.0308172108,10000
1001353,אינשטיין,38,1,3800,100,3800
1001185,אינשטיין,603,1,10000,16.58374793,10000
1001245,אינשטיין,108,1,10000,92.59259259,10000
1000065,הרברט סמואל,13,1,1300,100,1300
1001783,בני אפרים,77,1,7700,100,7700
416,בן צבי,73,1,7300,100,7300
1001389,אינשטיין,12,1,1200,100,1200
1001740,רוקח ישראל,3869,1,10000,2.584647196,10000
1000282,נמיר מרדכי,106,1,10000,94.33962264,10000
1000310,2040,2,1,200,100,200
1001698,רוקח ישראל,6395,1,10000,1.563721658,10000
1001727,רוקח ישראל,99,1,9900,100,9900
1001229,אינשטיין,35,1,3500,100,3500
930095,בגין מנחם,1679,1,10000,5.955926147,10000
1000455,נאמן יובל פרופסור,89,1,8900,100,8900
1000465,נאמן יובל פרופסור,1117,1,10000,8.952551477,10000
382,קרליבך,28,61,170800,6100,2800
347,שונצינו,330,22,220000,666.6666667,10000
298,הכרמל,40,152,608000,15200,4000
203,אלנבי,39,331,1290900,33100,3900
1001958,מבצע קדש,70,89,623000,8900,7000
1002140,מבצע קדש,25,89,222500,8900,2500
1002080,שלונסקי אברהם,1271,89,890000,700.2360346,10000
1000283,רוקח ישראל,1011,1,10000,9.891196835,10000
1001254,אינשטיין,12,1,1200,100,1200
1001403,אינשטיין,16,1,1600,100,1600
1000544,אפטר יעקב,5,1,500,100,500
1002146,הדר יוסף,1528,1,10000,6.544502618,10000
155,דיזנגוף,37,1,3700,100,3700
1001955,בני אפרים,90,1,9000,100,9000
1001199,אינשטיין,106,1,10000,94.33962264,10000
390,דיזנגוף,69,1,6900,100,6900
1000287,רוקח ישראל,24,1,2400,100,2400
1000457,אינשטיין,34,1,3400,100,3400
1001190,אינשטיין,220,1,10000,45.45454545,10000
1001348,אינשטיין,451,1,10000,22.172949,10000
1000531,אפטר יעקב,26,1,2600,100,2600
1000537,אפטר יעקב,18,1,1800,100,1800
1001236,אינשטיין,13,1,1300,100,1300
1001332,אינשטיין,81,1,8100,100,8100
1001732,רוקח ישראל,1003,1,10000,9.970089731,10000
424,קרליבך,15,61,91500,6100,1500
929448,הארבעה,346,1,10000,28.9017341,10000
1001782,בני אפרים,120,1,10000,83.33333333,10000
342,בגין מנחם,108,1,10000,92.59259259,10000
1000223,יוניצ'מן,558,1,10000,17.92114695,10000
1001992,בני אפרים,2602,1,10000,3.84319754,10000
1000203,יוניצ'מן,352,1,10000,28.40909091,10000
1000461,נאמן יובל פרופסור,80,1,8000,100,8000
1001752,רוקח ישראל,48,1,4800,100,4800
1001753,רוקח ישראל,4182,1,10000,2.391200383,10000
1001969,בני אפרים,24,1,2400,100,2400
271,דיזנגוף,18,1,1800,100,1800
929683,בגין מנחם,46,1,4600,100,4600
1001750,רוקח ישראל,389,1,10000,25.70694087,10000
1001781,בני אפרים,61,1,6100,100,6100
1001743,רוקח ישראל,145,1,10000,68.96551724,10000
1000155,העליה השניה,52,1,5200,100,5200
1000466,נאמן יובל פרופסור,69,1,6900,100,6900
1000534,אשכול לוי,202,10,100000,495.049505,10000
1000403,אשכול לוי,142,10,100000,704.2253521,10000
130,הירקון,73,152,1109600,15200,7300
1000139,קפלן אליעזר,396171,61,610000,1.539739153,10000
218,יפת,118,123,1230000,10423.72881,10000
908020,הירקון,5439,152,1520000,279.4631366,10000
943934,הרצל,411,365,3650000,8880.778589,10000
1000388,אשכול לוי,84,10,84000,1000,8400
1001330,אינשטיין,47,1,4700,100,4700
122,דיזנגוף,24,1,2400,100,2400
1000883,נמיר מרדכי,2,1,200,100,200
1001191,אינשטיין,72,1,7200,100,7200
1001212,אינשטיין,67,1,6700,100,6700
1002197,הדר יוסף,26,1,2600,100,2600
1000286,רוקח ישראל,46,1,4600,100,4600
1001965,בני אפרים,282,1,10000,35.46099291,10000
1002209,הדר יוסף,24,1,2400,100,2400
348,בגין מנחם,143,1,10000,69.93006993,10000
1000220,יוניצ'מן,23,1,2300,100,2300
1000570,אינשטיין,337,1,10000,29.6735905,10000
76,בגין מנחם,136,1,10000,73.52941176,10000
1001219,אינשטיין,28,1,2800,100,2800
1001268,אינשטיין,11,1,1100,100,1100
1000888,נמיר מרדכי,2,1,200,100,200
1001754,רוקח ישראל,52624,1,10000,0.1900273639,10000
258,דיזנגוף,28,1,2800,100,2800
265,קויפמן יחזקאל,51,1,5100,100,5100
1000886,נמיר מרדכי,1,1,100,100,100
105,אילת,18,179,322200,17900,1800
351,קרליבך,36,61,219600,6100,3600
1000521,אשכול לוי,15,10,15000,1000,1500
1001168,אינשטיין,70,1,7000,100,7000
1001335,אינשטיין,3797,1,10000,2.633658151,10000
906314,דיזנגוף,59,1,5900,100,5900
119,דיזנגוף,127,1,10000,78.74015748,10000
192,אחד העם,510,1,10000,19.60784314,10000
1001244,אינשטיין,25,1,2500,100,2500
369,בגין מנחם,733,1,10000,13.6425648,10000
27,דיזנגוף,15,1,1500,100,1500
933437,בגין מנחם,97,1,9700,100,9700
1001160,אינשטיין,123,1,10000,81.30081301,10000
1001288,אינשטיין,574,1,10000,17.42160279,10000
66,אינשטיין,41890,1,10000,0.2387204583,10000
404,בגין מנחם,886,1,10000,11.28668172,10000
1001276,אינשטיין,621,1,10000,16.10305958,10000
442,בגין מנחם,321,1,10000,31.15264798,10000
1001187,אינשטיין,57,1,5700,100,5700
1002185,הדר יוסף,71,1,7100,100,7100
1002186,הדר יוסף,34,1,3400,100,3400